SAMPLE,GINI_CORPUS_MODEL,GINI_SINGLE_MODEL_CORPUS
train,70.71308210200178,51.48018889379722
watchlist,70.51195250247382,54.41462171319991
test,47.5535857902422,48.12917704779407
oot,49.202976704055224,47.861842105263165
