SAMPLE,GINI_PEAK_MODEL,GINI_SINGLE_MODEL_PEAK
train,66.51298315546019,59.76331360946743
watchlist,56.817038403488176,64.02817373805132
test,58.568362967504584,65.60611369011124
oot,54.107068172312836,55.20423811515405
