SAMPLE,GINI_PEAK_MODEL
train,66.51298315546019
watchlist,56.817038403488176
test,58.568362967504584
oot,54.107068172312836
