SAMPLE,gini_single_model
train,58.731885985066135
watchlist,54.07088962975961
test,50.98296745798423
oot,53.61977739380806
