SAMPLE,GINI_SINGLE_MODEL_UNIV,GINI_SINGLE_MODEL_CORPUS,GINI_SINGLE_MODEL_PEAK
train,58.731885985066135,53.435469565841174,67.40230383129311
watchlist,54.07088962975961,50.52500903337518,54.922051451550715
test,50.98296745798423,46.077444843849236,55.76985943118666
oot,53.61977739380806,47.861842105263165,55.20423811515405
